id,name,read,pattern,sequence,feature_type
C0810,CD138,R2,5PNNNNNNNNNN(BC),GCGTTTGTATGTACT,Antibody Capture
C0917,FAS,R2,5PNNNNNNNNNN(BC),CACATCGTTTGTGTA,Antibody Capture
C0093,CD19,R2,5PNNNNNNNNNN(BC),ATCAGCCATGTCAGT,Antibody Capture
C0103,B220,R2,5PNNNNNNNNNN(BC),CCTACACCTCATAAT,Antibody Capture
C0557,CD38,R2,5PNNNNNNNNNN(BC),CGTATCCGTCTCCTA,Antibody Capture
C0200,CD86,R2,5PNNNNNNNNNN(BC),CTGGATTTGTGTATC,Antibody Capture
C0988,FITC,R2,5PNNNNNNNNNN(BC),TTTGTGTTGTGGTAC,Antibody Capture
C0987,APC,R2,5PNNNNNNNNNN(BC),TTAACCGTCTCCCTT,Antibody Capture
C0301,Hash1,R2,5PNNNNNNNNNN(BC),ACCCACCAGTAAGAC,Antibody Capture
C0302,Hash2,R2,5PNNNNNNNNNN(BC),GGTCGAGAGCATTCA,Antibody Capture
